Title,Price,Rating,Review Count,Shipped from,Specifications
Cable Tie Clip Mounting Set (12 piece),$3.79,5,2,"USA, Global",{}
"Light Foam Wheel (Diam: 30, Width: 12mm 5pcs/bag)",$3.17,5,19,USA,{}
HobbyKing Model Railway Scale Trees with Roots 120mm (4 pcs),$5.96,0,0,USA,{}
Dancing Wings Hobby (ARF) Extra 260 3D Aerobatic Airplane Balsa 1540mm,$359.99,0,0,"USA, Global",{}
TrackStar 1/8 Spring Steel Turnbuckle M4x15 (2pcs),$1.03,0,0,USA,{}
O-ring Kit 3mm (Neon Purple) (10pcs/bag),$0.32,4.75,11,USA,{}
GOOSKY (RTF) Mode 1 Legend S1 Dual Brushless High-Performance Aerobatic Helicopter (White),US$239.00,0,0,Global,{}
RotorBits 20x10 Right Angle Bracket  LH (Black) (10pcs/bag),$5.78,4.5,5,Global,{}
Sky max 9545 Self Tightening Propellers CW/CCW (White) (2pcs),$2.69,0,0,Global,{}
Turnigy Heavy Duty 4000mAh 4S 60C Lipo Pack w/XT-90,$31.45,4.65,35,"USA, Global",{}
FrSky Taranis X-Lite Transmitter BRACE Lite Plus Red Long and Short Gimbal Stick Ends,$19.19,4.35,1,"USA, Global",{}
Corona DS-329MG Digital Metal Gear Servo 3.8kg / 0.11sec / 32g,$9.70,4.6,52,"USA, Global",{}
HobbyKing Apparel KK Board Cotton Shirt (XXL),$3.99,0,0,"USA, Global",{}
HobbyKing Helicopter Pitch Gauge Kit,$1.99,4.7,56,"USA, Global",{}
TR Female to EC3 Male Battery Adapter (2pcs),$6.50,0,0,"USA, Global",{}
Turnigy T-Connector Parallel Charging Board w/Fuse for 6 x 2~6S Battery Packs (4mm Banana Plug Charger Connectors),$10.98,5,1,USA,{}
Turnigy Aerodrive SK3 Motor Accessories 2822/2826/2830/2836,$5.19,5,13,"USA, Global",{}
Master Airscrew Classic - 18x8 Propeller (1pc),$11.51,4.9,11,Global,{}
Nylon Spinner with Alloy Backplate 38mm White (5mm Mounting Hole),$3.68,5,6,"USA, Global",{}
XFLY Alpha Jet (Blue) Replacement Control Horn Set (5pcs),$2.99,0,0,USA,{}
30mm Shaft Universal Motor Mount,$1.37,5,3,"USA, Global",{}
Turnigy nano-tech 3000mAh 2S2P 20~40C Lipo Receiver Pack,$11.12,4.8,39,"USA, Global",{}
Screw Round Head Phillips M4x12mm Self Tapping Steel Black (10pcs),$0.24,5,5,USA,{}
Basher RZ-4 1/10 Rally Racer - Composite Front C-Hub Block 4degree (2pcs),$3.19,0,0,Global,{}
Turnigy 4000mAh 6S 30C Lipo Pack w/XT90,$39.73,4.85,14,"USA, Global",{}
Hobbyking 1875mm B-17 F/G Flying Fortress (V2)- Pushrod Steel Wire set (inc tail wheel),$4.42,0,0,"USA, Global",{}
H-King Skipper All Terrain Airplane Replacement Aileron Pushrod (2pcs),$2.75,0,0,"USA, Global",{}
XK (RTF) A300 Beechcraft D17S Staggerwing w/2.4GHz 4ch Tx & 6-Axis Gyro EPP 550mm (RED),$149.00,0,0,"USA, Global",{}
Sky-Hero Annakin - Spare Part - Custom Side Frame - CURVY,$33.95,0,0,Global,{}
Aerostar 3D Gas Series Wood Propeller 17x10 (1pc),$7.40,5,1,"USA, Global",{}
Receiver Plate - Turnigy TZ4 AWD,$0.33,0,0,USA,{}
Blaze 1/10 Spare Parts - Suspension Mount Insert 121175,$1.94,5,1,USA,{}
3 LED Strip BLUE,$1.92,4.35,12,"USA, Global",{}
H-King Radjet 800 - Fiberglass Wing Spar,$3.50,0,0,"USA, Global",{}
16pcs Natural Bristle Paint Brush Set with Nylon Carry Case,$4.75,4,2,USA,{}
Hobbyking™ 3-Blade Propeller 5x3 Black (CW) (3pcs),$1.20,4.55,44,USA,{}
Heavy Duty Ball Link 27mm M3 Black (10pcs),$5.32,4.65,20,"USA, Global",{}
30mm Alloy folding Prop Spinner with 2/2.3/3mm Adapter,$6.20,4.15,33,"USA, Global",{}
Heavy Duty Arms L43+22/H1/H2 5pc,$3.83,4.85,6,"USA, Global",{}
Control Rod Window L41xH5.5mm (10pcs),$2.12,4.85,17,"USA, Global",{}
FLYSKY Paladin PL18 Mode 1 2.4GHz AFHDS3 18CH Radio System w/FTr10 and FTr16s Receivers,$299.00,4.8,8,"USA, Global",{}
Turnigy TP21-T 21cc Twin Cylinder Gas Engine Replacement Cylinder Head w/Barrel & Gaskets (1set),$42.86,0,0,Global,{}
XFLY T-7A Red Hawk 975mm Replacement Wheel Set (3pcs),$22.99,0,0,"USA, Global",{}
Screw Round Head Phillips M2.6x26mm Self Tapping Steel Black (10pcs),$0.39,4.95,10,USA,{}
Option Alu. Servo Saver - Basher PitBull 1/18 4WD Desert Buggy,$9.85,0,0,"USA, Global",{}
H-King J3 Navy Cub - Slowpoke  12x6 Propeller,$2.85,4.7,24,Global,{}
Firefox C129 4ch Flybarless Micro Helicopter Replacement Head Aluminum Washers (4pcs),$1.49,0,0,"USA, Global",{}
Aluminum Low Profile Nyloc Nut M5 Black (CCW) 8pcs,$2.59,5,3,USA,{}
Screw Socket Head Hex M2.6 x 10mm Machine Thread Steel Black (10pcs),$0.24,5,5,USA,{}
JST-SH 8Pin Socket (Surface Mount) (5pcs),$0.72,4.85,7,USA,{}
Screw Button Head Hex M5 x 14mm Machine Steel Black (10pcs),$0.29,5,2,USA,{}
Turnigy (UK Plug) Reaktor T240 LiHV AC/DC 1~6S 10A 2 x 150W Touch Screen Charger,$75.99,0,0,Global,{}
TrackStar Decorative Battery Cover Panels for 2S Shorty Pack Flat Transparency Pattern (1 pc),$0.45,5,1,USA,{}
Dancing Wings Hobby (ARF) Extra 260 3D Aerobatic Airplane Balsa 1540mm,$359.99,0,0,"USA, Global",{}
Durafly Prime Tundra PT1200 Replacement Decal Set,$22.99,0,0,"USA, Global",{}
Turnigy Combo Tool Nut Driver 5.5 x 75mm Tip,$1.79,4.5,2,USA,{}
Screw Grub Hex M3x6mm Machine Thread Steel Black (10pcs),$0.01,5,18,USA,{}
GOOSKY (RTF) Mode 1 Legend S1 Dual Brushless High-Performance Aerobatic Helicopter (White),US$239.00,0,0,Global,{}
Turnigy 4000mAh 6S 30C Lipo Pack w/XT90,$39.73,4.85,14,"USA, Global",{}
Turnigy EasyMatch G110 Series - Replacement Shaft,$6.00,5,1,Global,{}
105mm Female Molex 1.25 to Twin Male JST-SH 1.0mm Y Lead,$0.99,3,2,"USA, Global",{}
FrSky Taranis X-Lite Transmitter BRACE Lite Plus Red Long and Short Gimbal Stick Ends,$19.19,4.35,1,"USA, Global",{}
Turnigy Heavy Duty 4000mAh 4S 60C Lipo Pack w/XT-90,$31.45,4.65,35,"USA, Global",{}
Volantex Replacement Main Wing Quick Release Connector Set,$2.50,4.2,9,"USA, Global",{}
Blaze 1/10 Spare Parts - Suspension Mount Insert 121175,$1.94,5,1,USA,{}
"Light Foam Wheel (Diam: 30, Width: 12mm 5pcs/bag)",$3.17,5,19,USA,{}
Aluminum Low Profile Nyloc Nut M5 Black (CCW) 8pcs,$2.59,5,3,USA,{}
Turnigy T-Connector Parallel Charging Board w/Fuse for 6 x 2~6S Battery Packs (4mm Banana Plug Charger Connectors),$10.98,5,1,USA,{}
Master Airscrew Classic - 18x8 Propeller (1pc),$11.51,4.9,11,Global,{}
"H-King Bixler 1.1 (PNF) Glider EPO 1400mm (55.1"") w/30A ESC",$96.95,4.3,97,"USA, Global",{}
TrackStar 1/8 Spring Steel Turnbuckle M4x15 (2pcs),$1.03,0,0,USA,{}
Turnigy High Quality 18AWG Silicone Wire 20m (Red),$5.85,0,0,Global,{}
XFLY Alpha Jet (Blue) Replacement Control Horn Set (5pcs),$2.99,0,0,USA,{}
Propeller Drill Jig for Turnigy TP35 35cc Side Exhaust Gas Engine,$9.09,5,3,"USA, Global",{}
FLYSKY Paladin PL18 Mode 1 2.4GHz AFHDS3 18CH Radio System w/FTr10 and FTr16s Receivers,$299.00,4.8,8,"USA, Global",{}
HobbyKing Model Railway Scale Trees with Roots 120mm (4 pcs),$5.96,0,0,USA,{}
Turnigy 1500mAh 3S 20C LiPoly Pack w/ EC3 (E-flite Compatible),$10.28,4.85,14,"USA, Global",{}
Screw Button Head Hex M4 x 20mm Machine Steel Black (10pcs),$0.24,5,7,USA,{}
Alu. Rear wing mount - Basher SaberTooth 1/8 Scale (1pc),$6.29,0,0,"USA, Global",{}
XK (RTF) A300 Beechcraft D17S Staggerwing w/2.4GHz 4ch Tx & 6-Axis Gyro EPP 550mm (RED),$149.00,0,0,"USA, Global",{}
H-King J3 Navy Cub - Slowpoke  12x6 Propeller,$2.85,4.7,24,Global,{}
O-ring Kit 3mm (Neon Purple) (10pcs/bag),$0.32,4.75,11,USA,{}
HobbyKing Helicopter Pitch Gauge Kit,$1.99,4.7,56,"USA, Global",{}
16pcs Natural Bristle Paint Brush Set with Nylon Carry Case,$4.75,4,2,USA,{}
Genuine XT60 Female Connector w/10cm 12AWG Silicone Wire (5pcs),$4.05,0,0,Global,{}
Turnigy nano-tech 1800mah 3S 20~40C Lipo AIRSOFT Pack,$11.13,4.8,20,"USA, Global",{}
Humbrol 88 Deck Green Matt - 14ml Enamel Paint  AA0970,$0.75,0,1,USA,{}
Screw Button Head Hex M2.5 x 22mm Machine Thread Steel Black (10pcs),$0.32,5,10,USA,{}
Basher RZ-4 1/10 Rally Racer - Composite Front C-Hub Block 4degree (2pcs),$3.19,0,0,Global,{}
XFLY T-7A Red Hawk 975mm Replacement Wheel Set (3pcs),$22.99,0,0,"USA, Global",{}
H-King F-18 Super Hornet 588mm Replacement Horizontal Stabilizer w/Elevator (1 pair),$18.99,0,0,"USA, Global",{}
Turnigy Rapid 3000mAh 2S1P 140C Hardcase Shorty Lipo Battery Pack (ROAR Approved),$13.70,4.65,15,"USA, Global",{}
Nylon Spinner with Alloy Backplate 38mm White (5mm Mounting Hole),$3.68,5,6,"USA, Global",{}
Receiver Plate - Turnigy TZ4 AWD,$0.33,0,0,USA,{}
Spinner 40diam / 5mm shaft,$5.30,4.85,33,"USA, Global",{}
3 LED Strip BLUE,$1.92,4.35,12,"USA, Global",{}
Rear Reinforcement Rod - Basher SaberTooth 1/8 Scale Truggy Nitro,$0.31,0,0,USA,{}
Turnigy Graphene Panther 6000mAh 6S 75C Battery Pack w/XT90,$79.88,4.5,23,"USA, Global",{}
Hobbyking 1875mm B-17 F/G Flying Fortress (V2)- Pushrod Steel Wire set (inc tail wheel),$4.42,0,0,"USA, Global",{}
HobbyKing Mini Power Distribution Board,$0.99,4.9,23,USA,{}
Durafly Prime Tundra PT1200 Replacement Decal Set,$22.99,0,0,"USA, Global",{}
Turnigy Combo Tool Nut Driver 5.5 x 75mm Tip,$1.79,4.5,2,USA,{}
Aluminum Low Profile Nyloc Nut M5 Black (CCW) 8pcs,$2.59,5,3,USA,{}
Basher RZ-4 1/10 Rally Racer - Composite Front C-Hub Block 4degree (2pcs),$3.19,0,0,Global,{}
Gemfan QX350 PC 8020 2-Bladed Propeller Grey (CW/CCW) (1 Pair),$1.22,0,0,USA,{}
Turnigy 1300mAh 4S 45C Lipo Pack,$12.95,0,0,"USA, Global",{}
Blaze 1/10 Spare Parts - Aluminium Steering Post (2pc) 123002,$1.55,5,1,USA,{}
XFLY Swift 2100mm Sport Glider Replacement Metal Spinner,$22.99,0,0,"USA, Global",{}
Turnigy Sub-C 1.2V 5000mAh High Power Series NiMH Single Cell,$3.46,4.75,29,Global,{}
Extra Strong Control Horns 2.8x15mm (5pcs),$5.78,5,22,"USA, Global",{}
Orange R8DM 8Ch DMSS Receiver,$18.46,4.45,32,Global,{}
Turnigy TGY-225MG Analog High Torque Ballraced Servo 21T 3.5kg / 0.12sec / 26g,$6.99,4.25,71,"USA, Global",{}
Clear Body - Basher PBull 1/18 4WD Desert Buggy,$3.14,0,0,"USA, Global",{}
4Cell Flight Pack Voltage & Temperature Sensor for OrangeRx Telemetry system.,$1.21,4.95,34,"USA, Global",{}
Charger lead XT150 AS150 1pc per bag,$0.98,3.65,3,USA,{}
Turnigy Nano-Tech Plus 650mAh 1S 70C Lipo Pack w/JST-PH,$3.07,4.65,3,"USA, Global",{}
Volantex Phoenix 2400/Ranger 2400 Replacement Canopy,$7.50,4.85,6,"USA, Global",{}
Turnigy 1450mAh 3S 11.1v Transmitter Lipoly Pack,$11.47,4.85,504,"USA, Global",{}
Nylon Spinner with Alloy Backplate 70mm White,$8.47,5,3,"USA, Global",{}
Tarot T-2D Camera Gimbal Mount for Xiaomi Yi Sports Camera,$3.51,5,1,USA,{}
Turnigy High Capacity 5200mAh 3S 12C Lipo Pack w/XT60,$27.32,5,15,"USA, Global",{}
Steering Linkage - BSR Racing BZ-888 1/8 4WD Racing Buggy,$0.79,0,0,USA,{}
H-King TL2000 - Replacement Wings,$32.99,0,0,"USA, Global",{}
eSUN TPU 95A Flexible 3D Print Filament 1.75mm 1kg (Transparent),$18.15,4.85,2,USA,{}
Corona DS-538MG Digital Metal Gear Servo 7.0kg / 0.13sec / 53g,$9.97,4.25,53,"USA, Global",{}
Micro Engineering N Scale Code 55 #64 Turnout Parts (80-332),$2.29,0,0,Global,{}
Screw Button Head Hex M4 x 6mm Machine Steel Black (10pcs),$0.83,0,0,"USA, Global",{}
Turnigy BigGrips Connector Adapters XT60 Male (6 sets/bag),$1.27,5,12,USA,{}
"RC ERA C189 (RTF) MD500 US Army Flybarless RC Helicopter w/Tx, Twin Brushless Motors, 6-Axis Gyro & Barometric Altitude Hold",$164.99,0,0,"USA, Global",{}
H-King F-16 Fighting Falcon 550mm Replacement Horizontal Stabilizer w/Elevator (1 pair),$18.99,0,0,"USA, Global",{}
Turnigy nano-tech 1600mah 4S 25~50C Lipo Pack,$14.01,4.8,26,"USA, Global",{}
Screw Button Head Hex M2.5 x 5mm Machine Thread Steel Black (10pcs),$0.40,4.85,7,USA,{}
GWS Style Slowfly Propeller 10x4.5 Pusher Black (4pcs),$1.25,4.85,64,"USA, Global",{}
H-King Yak-11 Commemorative Russian WW2 Warbird Replacement Decal Set,$12.99,0,0,USA,{}
HobbyKing® ™ Night Walrus - Spare Part - Horizontal Stabiliser,$9.66,0,0,"USA, Global",{}
Screw Button Head Philips M6 x 60mm (10pcs),$0.74,4.75,45,Global,{}
Pull-pull/2mm Clevise Quick Link Couplers - 20mm Length,$0.40,5,43,Global,{}
Turnigy High Quality 26AWG Silicone Wire 1m (Orange),$0.76,0,0,"USA, Global",{}
Turnigy nano-tech 1500mAh 3S 20-40C Lipo AIRSOFT Pack,$10.55,4.95,13,"USA, Global",{}
Brass Nut for Spinners M8x1.25-M3 (1pc),$0.97,5,17,USA,{}
"Brake Pole Set - 1/16 Turnigy 4WD Nitro Racing Buggy, A3011",$0.45,0,0,USA,{}
Hobbywing QUICRUN 10BL120 Sensored Brushless ESC 120A,US$42.99,4.95,14,"USA, Global",{}
Durafly Goblin Racer 820mm Replacement Tailplane and Elevator Pink/Blue/Black,$10.50,5,2,"USA, Global",{}
"Durafly Me-163B V2 ""White 10"" Replacement Spinner",$1.50,5,1,"USA, Global",{}
RotorBits Foot Pad (Green),$2.59,5,4,"USA, Global",{}
TFModel LED Navigation Light - Green,$0.74,4.6,20,USA,{}
TrackStar Hardened Shock Shaft 3.2 x 48mm (4) S162048,$2.49,5,1,Global,{}
Invisible Aluminum Body Mount Posts (2pcs) Red,$2.76,0,0,Global,{}
Durafly Goblin Racer 820mm Replacement Canopy/Battery Hatch Pink/Sliver/Black,$4.99,5,3,"USA, Global",{}
GemFan Bull Nose 3545 GRP/Nylon Propellers CW/CCW Set Green (2 pairs),$0.50,5,4,USA,{}
